ImageId,EncodedPixels
393_5823_RGB_2020_02_07, 128513 148
393_5823_RGB_2020_02_07, 142930 34
393_5823_RGB_2020_02_07, 225793 59 226305 59 226817 59 227329 59
393_5823_RGB_2020_02_07, 152065 96 152577 96 153089 96 153601 96 154113 96 154625 96
393_5823_RGB_2020_02_07, 237062 51 237574 51 238086 51
393_5823_RGB_2020_02_07, 211586 54 212098 54 212610 54
393_5823_RGB_2020_02_07, 76319 39 76831 39 77343 39 77855 39 78367 39
393_5823_RGB_2020_02_07, 118785 109 119297 109 119809 109 120321 109 120833 109 121345 109
393_5823_RGB_2020_02_07, 251400 45 252424 45 252936 45 253448 45 253960 45 254472 45
393_5823_RGB_2020_02_07, 201365 26 201877 26
393_5823_RGB_2020_02_07, 173650 23
393_5823_RGB_2020_02_07, 193537 163 194049 163
393_5823_RGB_2020_02_07, 261635 12 261652 8 261663 7 261674 441
393_5823_RGB_2020_02_07, 243791 41 244225 33 244259 85 244737 119 245249 119 245761 119
393_5823_RGB_2020_02_07, 261651 1
393_5823_RGB_2020_02_07, 205313 101 205825 101 206337 101 206849 101 207361 101
393_5823_RGB_2020_02_07, 173057 23 173089 64
393_5823_RGB_2020_02_07, 132110 50 132622 50 133134 50 133646 50
393_5823_RGB_2020_02_07, 261660 1
393_5823_RGB_2020_02_07, 112649 1
393_5823_RGB_2020_02_07, 261649 2
393_5823_RGB_2020_02_07, 261153 9
393_5823_RGB_2020_02_07, 261662 1
393_5823_RGB_2020_02_07, 243201 78 243713 78
393_5823_RGB_2020_02_07, 261661 1
393_5823_RGB_2020_02_07, 91167 18 91679 18 92191 18 92703 18 93215 18 93727 18 94239 18
393_5823_RGB_2020_02_07, 260117 1
393_5823_RGB_2020_02_07, 97794 3 97798 24 97829 16 98305 29 98341 16 98817 29 98853 16 99329 29 99365 16 99841 29 99877 16 100353 29 100389 16 100865 29 100901 16 101377 37 101415 14 101889 52 102401 31 102433 20 102913 52 103425 52 103937 52 104449 52 104961 52 105473 52 105985 52 106497 52 107009 52 107521 52 108033 52 108545 52 109057 52 109569 52 110081 52 110594 51 111105 52
393_5823_RGB_2020_02_07, 6666 60 7178 60 7690 60
393_5823_RGB_2020_02_07, 102432 1
393_5823_RGB_2020_02_07, 182866 45 183378 45 183890 45
393_5823_RGB_2020_02_07, 181330 100 181842 100 182354 100
393_5823_RGB_2020_02_07, 250396 1
393_5823_RGB_2020_02_07, 260635 2
393_5823_RGB_2020_02_07, 144466 20 144978 21 145490 21 146002 21
393_5823_RGB_2020_02_07, 94750 7 95262 7 97310 7 97822 7 98334 7 98846 7 99358 7 99870 7 100382 7 100894 7
393_5823_RGB_2020_02_07, 81921 108 82433 108 82945 108 83457 108 83969 108 84481 108 84993 108
393_5823_RGB_2020_02_07, 50203 139 50715 139 51227 139 51739 139 52251 139
393_5823_RGB_2020_02_07, 261670 4
393_5823_RGB_2020_02_07, 207873 129 208385 129 208897 129 209409 129 209921 129 210433 129 210945 129 211457 129 211969 129 212481 129 212993 129
393_5823_RGB_2020_02_07, 198145 148 198657 148 199169 148 199681 148 200193 148 200705 148 201217 148 201729 148
393_5823_RGB_2020_02_07, 137729 81 138241 81 138753 81 139265 81 139777 81 140289 81 140801 81 141313 81 141825 81 142337 81 142849 81 143361 81 143873 81 144385 81 144975 3 145487 3 145999 3 146511 3 147023 3 147535 3 148047 3 148481 81
393_5823_RGB_2020_02_07, 213505 143 214017 143 214529 143 215041 143 215553 143 216065 143 216577 143 217089 143 217601 143
393_5823_RGB_2020_02_07, 21 13
393_5823_RGB_2020_02_07, 174162 133 174674 133 175186 133 175698 133 176271 72 176783 72 177295 72 177807 72 178319 72
393_5823_RGB_2020_02_07, 261647 2
393_5823_RGB_2020_02_07, 186450 122 186962 122 187474 122 187986 122 188498 122 189010 122 189441 203 189953 203 190465 203 190977 203 191489 203 192001 203
393_5823_RGB_2020_02_07, 95745 77 96257 77 96769 77
393_5823_RGB_2020_02_07, 155649 117 156161 117 156673 117 157185 117 157697 117 158209 32 158245 81 158721 32 158757 81 159233 32 159269 81 159745 32 159781 81 160257 117 160769 117 161281 117 161793 117 162305 117 162817 117 163329 117 163841 117 164353 117 164865 117 165377 117 165889 117 166401 117 166913 117 167425 117 167937 117 168449 117 172545 1
393_5823_RGB_2020_02_07, 134145 123 134657 123 135169 123 135681 123
393_5823_RGB_2020_02_07, 34 21
393_5823_RGB_2020_02_07, 251905 59
393_5823_RGB_2020_02_07, 144897 78 145409 78 145921 78 146433 78 146945 78 147457 78 147969 78
393_5823_RGB_2020_02_07, 260625 1
393_5823_RGB_2020_02_07, 184402 67 184914 67 185426 67
393_5823_RGB_2020_02_07, 173569 23 173601 49 174081 23 174113 49 174593 81 175105 81 175617 81 176129 1 178689 81 179201 81 179713 81 180225 81 180737 81 181249 81 181761 81 182273 81 182785 81 183297 81 183809 81 184321 81 184833 81 185345 81 185857 81 186369 81 186881 81 187393 81 187905 81 188417 81 188929 81
393_5823_RGB_2020_02_07, 176130 141 176641 142 177153 142 177665 142 178177 142
393_5823_RGB_2020_02_07, 246815 1
393_5823_RGB_2020_02_07, 158241 4 158753 4 159265 4 159777 4
393_5823_RGB_2020_02_07, 168961 137 169473 138 169985 23 170017 106 170497 23 170529 106 171009 23 171041 106 171521 23 171553 106 172033 23 172065 106 172546 22 172577 106
393_5823_RGB_2020_02_07, 101414 1
393_5823_RGB_2020_02_07, 170008 9 170520 9 171032 9 171544 9 172056 9 172568 9 173080 9 173592 9 174104 9
393_5823_RGB_2020_02_07, 260627 1
393_5823_RGB_2020_02_07, 244258 1
393_5823_RGB_2020_03_08, 214614 3 215048 81 215560 81
393_5823_RGB_2020_03_08, 197180 19 197692 19
393_5823_RGB_2020_03_08, 199228 21 199751 10 200263 10 200775 10 201276 21 201729 1 201788 21
393_5823_RGB_2020_03_08, 219688 8 220200 8
393_5823_RGB_2020_03_08, 236545 8 236608 49 237057 8 237120 49 237569 112
393_5823_RGB_2020_03_08, 126062 43 126574 43 127086 43
393_5823_RGB_2020_03_08, 229889 56
393_5823_RGB_2020_03_08, 250370 91 252417 92
393_5823_RGB_2020_03_08, 198204 36 198716 36
393_5823_RGB_2020_03_08, 187396 25 187431 43 187908 25 187943 43 188420 78
393_5823_RGB_2020_03_08, 199740 11 200252 11 200764 11
393_5823_RGB_2020_03_08, 207887 43
393_5823_RGB_2020_03_08, 204333 59 204845 59 205357 59 205869 59 206381 59 206849 103 207361 103
393_5823_RGB_2020_03_08, 157240 104 157752 104 158264 104 158776 104 159288 104 159800 104
393_5823_RGB_2020_03_08, 250881 424 251393 1 251677 140 251905 1 252189 140
393_5823_RGB_2020_03_08, 236553 55 237065 55
393_5823_RGB_2020_03_08, 97793 22 97836 71 98305 22 98348 71
393_5823_RGB_2020_03_08, 212993 85 213505 85 214017 85 214529 85
393_5823_RGB_2020_03_08, 72208 40 72720 40
393_5823_RGB_2020_03_08, 181249 87
393_5823_RGB_2020_03_08, 216577 94 217089 94 217601 94
393_5823_RGB_2020_03_08, 147457 75 147969 9 148004 40 148481 9 148526 30 148994 8 149038 30
393_5823_RGB_2020_03_08, 192513 1 193025 59 193537 59 194049 59 194561 59 195073 59 195585 59 196097 59 196609 59 197121 59 197633 59 198145 59 198657 59 199169 59 199681 59 200193 59 200705 59 201217 59 201730 58 202285 15 202797 15 203309 15
393_5823_RGB_2020_03_08, 232514 85 233026 85 233538 85 233985 150 234497 150 235009 150 235521 150 236033 150
393_5823_RGB_2020_03_08, 154113 1 154625 1 155137 1 155649 1 156161 1 156673 1 157185 20 157230 10 157697 20 157742 10 158209 20 158254 10 158721 55 159233 55 159745 55 160257 55 160769 28 161281 28 161793 28 162305 28 162817 28 163329 28 163841 55 164353 55 164865 55 165377 55 165889 55 166401 34 166447 9 166913 34 166959 9 167425 34 167471 9 167937 55 168449 55 168961 55 169473 5 169526 2 169985 5 170497 5 171009 5 171062 2 171521 5 171574 2 172033 5 172086 2 172545 29 172593 7 173057 29 173105 7 173569 29 173617 7 174081 29 174129 7 174593 24 174640 8 175105 24 175152 8
393_5823_RGB_2020_03_08, 114689 4 114761 23 115201 4 115273 23 115713 4 115785 23 116225 4 116297 23
393_5823_RGB_2020_03_08, 138241 1 138753 1 139265 1 139777 1 140289 1
393_5823_RGB_2020_03_08, 166435 12 166947 12 167459 12
393_5823_RGB_2020_03_08, 186917 2 187421 10 187933 10
393_5823_RGB_2020_03_08, 219137 39 219649 39 220161 39 220673 39 221185 39
393_5823_RGB_2020_03_08, 188929 79 189441 79 189953 79 190465 79 190977 79 191489 79 192001 79 192514 78
393_5823_RGB_2020_03_08, 132609 55 133121 55 133633 55 134145 55 134657 55 135169 55
393_5823_RGB_2020_03_08, 153090 8 153134 35 153602 8 153646 35 154114 8 154158 35 154626 8 154670 35 155138 19 155182 35 155650 10 155700 29 156162 19 156206 35 156674 19 156718 35
393_5823_RGB_2020_03_08, 124417 17 124467 59 124929 17 124979 59 125441 109 125953 109 126465 109 126977 109 127489 109 128001 109 128513 25 128571 51 129025 25 129083 51 129537 25 129595 51 130049 109 130561 109 131073 109 131585 109 132097 109
393_5823_RGB_2020_03_08, 148516 10 149028 10 149540 10 150052 10 150564 10 151076 10 151588 10 152100 10 152612 10 153124 10 153636 10 154148 10 154660 10 155157 25 156181 25 156693 25 157205 25 157717 25 158229 25
393_5823_RGB_2020_03_08, 120338 33 120850 33 121362 33 121874 33 122386 33 122898 33 123410 33 123922 33 124434 33 124946 33
393_5823_RGB_2020_03_08, 137731 279 138242 280 138754 281 139266 281 139778 281 140290 281 140801 282 141313 282 141825 282 142338 281 142850 281 143363 280
393_5823_RGB_2020_03_08, 36 8
393_5823_RGB_2020_03_08, 79883 61 80395 61 80907 61 81419 61 81931 61 82443 61 82955 61
393_5823_RGB_2020_03_08, 202241 44 202753 44 203265 44 203777 44 204289 44 204801 44 205313 44 205825 44 206337 44
393_5823_RGB_2020_03_08, 231425 21 231465 25 231937 65 232449 65 232961 65 233473 65
393_5823_RGB_2020_03_08, 10787 2
393_5823_RGB_2020_03_08, 249858 318
393_5823_RGB_2020_03_08, 230401 110 230913 21 230953 70
393_5823_RGB_2020_03_08, 12325 1
393_5823_RGB_2020_03_08, 251394 283 251906 283
393_5823_RGB_2020_03_08, 227329 100 227841 100 228353 100 228865 25 228903 62 229377 25 229415 62
393_5823_RGB_2020_03_08, 170038 12 170550 12
393_5823_RGB_2020_03_08, 185345 94 185857 94 186369 21 186405 58
393_5823_RGB_2020_03_08, 100396 32 100908 32 101411 41 101923 41 102435 41 102959 29 103471 29
393_5823_RGB_2020_03_08, 83993 32 84505 32 85017 32 85529 32 86041 32 86553 32
393_5823_RGB_2020_03_08, 169478 48 169990 48 170502 48 171014 48 171526 48 172038 48
393_5823_RGB_2020_03_08, 160797 44 161309 44 161821 44 162333 44 162845 44 163357 44
393_5823_RGB_2020_03_08, 181761 122 182273 122 182785 13 182850 57 183297 13 183362 57
393_5823_RGB_2020_03_08, 57381 27 57893 27 58405 27 58917 27 59429 27
393_5823_RGB_2020_03_08, 172574 19 173086 19 173598 19 174110 19
393_5823_RGB_2020_03_08, 186390 15 186902 15
393_5823_RGB_2020_03_08, 242725 1
393_5823_RGB_2020_03_08, 147978 26 148490 26 149002 26 149514 26 150026 26 150538 26 151050 26 151562 26 152074 26 152586 26 153098 26 153610 26 154122 26 154634 26
393_5823_RGB_2020_03_08, 230934 19 231446 19
393_5823_RGB_2020_03_08, 113669 68 114181 68 114693 68 115205 68 115717 68 116229 68 116741 68 117253 68 117765 68 118277 68
393_5823_RGB_2020_03_08, 38412 34 38924 34 39436 34
393_5823_RGB_2020_03_08, 247297 64 247809 64 248321 64 248834 63
393_5823_RGB_2020_03_08, 182798 52 183310 52 183822 52 184334 52 184846 52
393_5823_RGB_2020_03_08, 257027 284 257540 284 258051 284 258561 286 259074 285
393_5823_RGB_2020_03_08, 89102 92 89614 92 90126 92 90638 92 91150 92 91662 92 92174 92 92686 92
393_5823_RGB_2020_03_08, 228890 13 229402 13
393_5823_RGB_2020_03_08, 176641 159 177153 159 177665 159 178177 1 178260 76 178689 1 178772 76
393_5823_RGB_2020_03_08, 12839 1
393_5823_RGB_2020_03_08, 128538 33 129050 33 129562 33
393_5823_RGB_2020_03_08, 260611 24 260637 184 261123 34 261162 171 261634 34 261673 172
393_5823_RGB_2020_03_08, 65547 69 66059 69 66571 69 67083 69
393_5823_RGB_2020_03_08, 67601 29 68113 29 68625 29 69137 29
393_5823_RGB_2020_03_08, 261668 5
393_5823_RGB_2020_03_08, 103947 18 103983 200
393_5823_RGB_2020_03_08, 93185 81 93697 81 94209 81 94721 81 95233 81 95745 81 96257 22 96300 38 96769 22 96812 38
393_5823_RGB_2020_03_08, 104449 28 104495 131 104961 28 105007 131 105473 28 105519 131 105985 28 106031 131 106497 28 106543 131 107009 28 107055 131 107521 28 107567 131 108033 28 108079 131 108545 28 108591 131 109057 28 109103 131 109569 28 109615 131 110081 28 110127 131 110593 28 110639 131
393_5823_RGB_2020_03_08, 174617 23 175129 23 175641 23 176153 23
393_5823_RGB_2020_03_08, 78869 1
393_5823_RGB_2020_03_08, 178178 82 178690 82 179201 83 179713 83 180225 83
393_5823_RGB_2020_03_08, 155660 40
393_5823_RGB_2020_03_08, 260635 2
393_5823_RGB_2020_03_08, 49179 57 49691 57 50203 57 50715 57 51227 57 51739 57 52251 57
393_5823_RGB_2020_03_08, 102941 18 103453 18 103965 18 104477 18 104989 18 105501 18 106013 18 106525 18 107037 18 107549 18 108061 18 108573 18 109085 18 109597 18 110109 18 110621 18 111133 18
393_5823_RGB_2020_03_08, 37384 46 37896 46
393_5823_RGB_2020_03_08, 18 18
393_5823_RGB_2020_03_08, 261157 5
393_5823_RGB_2020_03_08, 96279 21 96791 21 97303 21 97815 21 98327 21 98839 21 99351 21 99863 21 100375 21 100887 21
393_5823_RGB_2020_02_03, 106497 6 107009 6 107521 6
393_5823_RGB_2020_02_03, 67585 83 68097 28 68126 54 68609 32 68642 50 69121 33 69155 2 69158 46 69633 36 69670 46 70145 83 70657 32 70690 50
393_5823_RGB_2020_02_03, 105985 146
393_5823_RGB_2020_02_03, 112641 18 112743 12
393_5823_RGB_2020_02_03, 90113 30 90224 92 90625 203
393_5823_RGB_2020_02_03, 106503 56 107015 56 107527 56 108039 56 108551 9 108604 3
393_5823_RGB_2020_02_03, 105473 165 106131 19
393_5823_RGB_2020_02_03, 104961 179
393_5823_RGB_2020_02_03, 192001 71 192513 71
393_5823_RGB_2020_02_03, 102913 4 102942 125
393_5823_RGB_2020_02_03, 101889 4 101918 93
393_5823_RGB_2020_02_03, 137729 19 137770 46
393_5823_RGB_2020_02_03, 115206 69 115718 69 116230 69 116742 69
393_5823_RGB_2020_02_03, 110593 171
393_5823_RGB_2020_02_03, 103937 271
393_5823_RGB_2020_02_03, 122369 199
393_5823_RGB_2020_02_03, 148481 139 148993 139
393_5823_RGB_2020_02_03, 172564 90 173076 90
393_5823_RGB_2020_02_03, 154641 63 155153 63 155665 63
393_5823_RGB_2020_02_03, 81921 8 81966 19 82433 8 82478 19 82945 8 82990 19 83457 64 83969 64 84481 64
393_5823_RGB_2020_02_03, 137748 22 138260 22 138772 22 139284 22 139796 22
393_5823_RGB_2020_02_03, 145921 183 146433 183
393_5823_RGB_2020_02_03, 225841 144 226305 192 226817 192
393_5823_RGB_2020_02_03, 117761 77 119297 77 119809 77
393_5823_RGB_2020_02_03, 207026 67 207361 244
393_5823_RGB_2020_02_03, 201729 18 201767 46 202241 18 202279 46
393_5823_RGB_2020_02_03, 88577 30 89089 30
393_5823_RGB_2020_02_03, 131073 102 131585 102 132097 102 132609 102
393_5823_RGB_2020_02_03, 177684 66 178177 85
393_5823_RGB_2020_02_03, 184833 165 185345 165 185857 165
393_5823_RGB_2020_02_03, 180225 155 180737 155
393_5823_RGB_2020_02_03, 207873 139 209409 139 209921 139
393_5823_RGB_2020_02_03, 77313 14 77367 43 77825 7 77903 19
393_5823_RGB_2020_02_03, 150529 109
393_5823_RGB_2020_02_03, 94723 6 95235 6 95747 55 96259 55 96771 2 96798 28
393_5823_RGB_2020_02_03, 129537 78 130049 78
393_5823_RGB_2020_02_03, 178689 129 179201 129 179713 129
393_5823_RGB_2020_02_03, 204458 8 204970 8 205313 16 205346 144 205825 16 205858 144 206337 16 206370 144 206849 16 206882 144
393_5823_RGB_2020_02_03, 198163 20 198675 20 199187 20 199699 20 200211 20 201747 20 202259 20
393_5823_RGB_2020_02_03, 61482 1
393_5823_RGB_2020_02_03, 216065 149 216577 149
393_5823_RGB_2020_02_03, 69154 1
393_5823_RGB_2020_02_03, 75812 31 76324 31 76836 31
393_5823_RGB_2020_02_03, 68641 1
393_5823_RGB_2020_02_03, 77879 24 78391 24 78903 24 79411 28
393_5823_RGB_2020_02_03, 57898 1
393_5823_RGB_2020_02_03, 140801 53 141313 53 141825 53 142337 53 142849 53 143361 53
393_5823_RGB_2020_02_03, 48681 1
393_5823_RGB_2020_02_03, 240641 94 241153 94 241665 94 242177 94
393_5823_RGB_2020_02_03, 80905 37 81417 37 81929 37 82441 37 82953 37
393_5823_RGB_2020_02_03, 200705 307 201217 307
393_5823_RGB_2020_02_03, 77327 40 77875 4 78387 4 78899 4
393_5823_RGB_2020_02_03, 112659 84 113171 84
393_5823_RGB_2020_02_03, 77832 43 78344 43 78856 43 79368 43 79880 43 80392 43
393_5823_RGB_2020_02_03, 70689 1
393_5823_RGB_2020_02_03, 242689 118 243201 5 243310 9
393_5823_RGB_2020_02_03, 210433 117 210945 117 211457 117 211969 117 212481 117 212993 117 213505 117 214018 116
393_5823_RGB_2020_02_03, 61476 1
393_5823_RGB_2020_02_03, 258561 168 259073 168
393_5823_RGB_2020_02_03, 69669 1
393_5823_RGB_2020_02_03, 235521 295 236033 295
393_5823_RGB_2020_02_03, 202753 16 202786 136 203265 16 203298 136 203777 16 203810 136 204289 16 204322 136 204801 16 204834 136
393_5823_RGB_2020_02_03, 63018 1
393_5823_RGB_2020_02_03, 13 1 29 26
393_5823_RGB_2020_02_03, 186369 163 186881 163 187393 163
393_5823_RGB_2020_02_03, 69157 1
393_5823_RGB_2020_02_03, 88607 81 89119 81 89631 81 90143 81
393_5823_RGB_2020_02_03, 195073 217 195585 217 196097 217 196609 217 197121 217 197633 217
393_5823_RGB_2020_02_03, 96773 25 97285 25 97797 25 98309 17 98821 17 99333 17 99845 25 100357 25 100869 25 101381 25 101893 25 102405 25 102917 25 103429 25
393_5823_RGB_2020_02_03, 97822 13 99870 13 100382 13
393_5823_RGB_2020_02_03, 227841 437 228353 437 228865 437
393_5823_RGB_2020_02_03, 57383 1
393_5823_RGB_2020_02_03, 94217 81 94729 81 95241 81
393_5823_RGB_2020_02_03, 74241 82 74753 82 75265 82
393_5823_RGB_2020_02_03, 164372 35 164884 35
393_5823_RGB_2020_02_03, 221697 48 222209 48 222721 48 223233 48 223745 48 224257 48 224769 48 225281 48 225793 48
393_5823_RGB_2020_02_03, 118273 91 118785 91
393_5823_RGB_2020_02_03, 123403 43 123915 43 124427 43
393_5823_RGB_2020_02_03, 108560 44 109072 44 109584 44 110096 44
393_5823_RGB_2020_02_03, 163841 19 164353 19 164865 19 165377 19 165889 19 166401 19 166913 19 168449 19 168961 19 169473 19 169985 19 170497 19 171009 19 171521 19 172033 19 172545 19 173057 19 173569 19 174081 19 174593 19 175105 19 175617 19 176129 19 176641 19 177153 19 177665 19
393_5823_RGB_2020_02_03, 41505 1
393_5823_RGB_2020_02_03, 64525 46 65037 46 65549 46 66061 46 66573 46
393_5823_RGB_2020_02_03, 208385 243 208897 243
393_5823_RGB_2020_02_03, 63523 1
393_5823_RGB_2020_02_03, 14 15
393_5823_RGB_2020_02_03, 3 7
393_5823_RGB_2020_02_03, 202769 17 203281 17 203793 17 204305 17 204817 17 205329 17 205841 17 206353 17 206865 17
393_5823_RGB_2020_02_03, 243206 104 243718 104
393_5823_RGB_2020_02_03, 56866 1
393_5823_RGB_2020_02_03, 98326 91 98838 91 99350 91
393_5823_RGB_2020_02_03, 68125 1
393_5823_RGB_2020_02_03, 71713 1
393_5823_RGB_2020_02_03, 57891 1
393_5823_RGB_2020_02_03, 167425 94 167937 94
393_5823_RGB_2020_04_01, 144897 82 145409 82 145921 82 146433 82 146945 82 147457 82
393_5823_RGB_2020_04_01, 128514 9 128567 46 129026 37 129079 46 129537 38 129591 46
393_5823_RGB_2020_04_01, 164865 86 165377 86 165889 86 166401 86 166913 86 167425 86 167937 86
393_5823_RGB_2020_04_01, 149507 67 150019 67 150531 67 151043 8 151077 33 151555 8 151589 6 151596 26 152067 8 152101 33 152579 8 152613 33 153091 8 153125 33 153603 8 153637 33 154115 67
393_5823_RGB_2020_04_01, 104980 3 105492 3 105521 32 106004 3 106033 32 106516 3 106545 32 107028 3 107057 32 107540 3 107569 32 108052 61 108564 61 109076 61 109588 61 110145 16 110657 16 111169 16 111681 16
393_5823_RGB_2020_04_01, 130049 38 130103 113 130561 167 131073 167 131585 14 131617 135
393_5823_RGB_2020_04_01, 125441 10 125494 50 125953 10 125997 59 126465 10 126509 59 126977 10 127021 59
393_5823_RGB_2020_04_01, 100882 1 101394 1 101906 1 102418 1
393_5823_RGB_2020_04_01, 116751 36
393_5823_RGB_2020_04_01, 158221 14 158733 14 159245 14
393_5823_RGB_2020_04_01, 159745 102 160257 102 160769 102 161281 29 161324 59 161793 29 161836 59 162305 29 162348 59 162817 29 162860 59 163329 29 163372 59 163841 29 163884 59 164353 29 164396 59
393_5823_RGB_2020_04_01, 135681 10 135715 101 136193 10 136227 101 136705 10 136739 101 137217 135 137729 135 138241 135 138753 135 139265 135 139777 135
393_5823_RGB_2020_04_01, 117259 44 117771 44 118283 26 120877 10 121395 4 121907 4
393_5823_RGB_2020_04_01, 114717 15 115229 15
393_5823_RGB_2020_04_01, 33799 76 34311 76 34823 76 35335 76 35847 76 36359 76
393_5823_RGB_2020_04_01, 227361 1
393_5823_RGB_2020_04_01, 225824 1
393_5823_RGB_2020_04_01, 219680 1 220192 1
393_5823_RGB_2020_04_01, 221728 1
393_5823_RGB_2020_04_01, 103439 4 103951 10 104463 10
393_5823_RGB_2020_04_01, 168970 14
393_5823_RGB_2020_04_01, 228386 1
393_5823_RGB_2020_04_01, 123949 9 124461 9 124973 9 125485 9
393_5823_RGB_2020_04_01, 110081 64 110593 64 111105 64 111617 21 111666 15 112129 21 112178 15 112641 21 112690 15 113153 21 113202 15 113665 21 113714 15 114178 63
393_5823_RGB_2020_04_01, 121389 6 121901 6 122413 6 122925 6
393_5823_RGB_2020_04_01, 98323 56 98835 56 99347 7 99385 18 99859 7 99897 18 100371 7 100409 18 100883 56 101395 11
393_5823_RGB_2020_04_01, 118795 26 119307 26 119819 26 120331 26 120843 34 121355 34 121867 34 122379 8 122411 2 122891 8 122923 2 123403 8 123435 2 123915 8 123947 2 124427 34 124939 34 125451 34 125963 12 125991 6 126475 12 126503 6 126987 12 127015 6 127499 12 127527 6 128011 34 128523 28
393_5823_RGB_2020_04_01, 205854 1
393_5823_RGB_2020_04_01, 261657 4
393_5823_RGB_2020_04_01, 122399 12 122911 12 123423 12 123935 12
393_5823_RGB_2020_04_01, 171046 2 171558 2 172070 2 172574 10
393_5823_RGB_2020_04_01, 169477 33 169989 33 170501 33 171013 33 171525 33 172062 8
393_5823_RGB_2020_04_01, 118309 18 118821 18 119333 18 119845 18 120357 18
393_5823_RGB_2020_04_01, 125975 16 126487 16 126999 16 127511 16
393_5823_RGB_2020_04_01, 230431 2
393_5823_RGB_2020_04_01, 101406 78 101918 78 102430 78 102942 78 103454 78 103993 51 104505 51 105017 51
393_5823_RGB_2020_04_01, 74268 48 74780 48 75292 48 75804 48 76316 48 76828 48
393_5823_RGB_2020_04_01, 43 12
393_5823_RGB_2020_04_01, 101907 11 102419 11 102931 11 103443 11
393_5823_RGB_2020_04_01, 220190 1
393_5823_RGB_2020_04_01, 99354 31 99866 31 100378 31
393_5823_RGB_2020_04_01, 122387 12 122899 12 123411 12 123923 12
393_5823_RGB_2020_04_01, 212523 2
393_5823_RGB_2020_04_01, 111638 12 112150 12 112662 12 113174 12 113686 12
393_5823_RGB_2020_04_01, 128551 16 129063 16 129575 16 130087 16
393_5823_RGB_2020_04_01, 204317 1
393_5823_RGB_2020_04_01, 111650 16 112162 16 112674 16 113186 16 113698 16
393_5823_RGB_2020_04_01, 229922 2
393_5823_RGB_2020_04_01, 88597 53 89109 53 89621 53 90133 53 90645 53 91157 18 91669 18 92181 18 92693 18
393_5823_RGB_2020_04_01, 206366 1
393_5823_RGB_2020_04_01, 91175 44 91687 44 92199 44 92711 44 93223 44 93735 44 94247 44 94759 44 95271 44
393_5823_RGB_2020_04_01, 197147 2
393_5823_RGB_2020_04_01, 51746 1
393_5823_RGB_2020_04_01, 104983 2 105495 26 106007 26 106519 26 107031 26 107543 26
393_5823_RGB_2020_04_01, 28212 86 28724 86 29236 86 29748 86 30260 86 30772 86 31284 86
393_5823_RGB_2020_04_01, 192523 10
393_5823_RGB_2020_04_01, 228377 2
393_5823_RGB_2020_04_01, 213008 1
393_5823_RGB_2020_04_01, 10792 1
393_5823_RGB_2020_04_01, 44582 1
393_5823_RGB_2020_04_01, 226331 2 226843 2
393_5823_RGB_2020_04_01, 172037 25 172549 25 173061 25 173573 25 174085 25 174597 25
393_5823_RGB_2020_04_01, 232449 81 232961 81 233473 81 233985 81 234497 81 235009 81 235521 81 236033 81 236545 81 237057 81 237569 81 238081 81 238593 81
393_5823_RGB_2020_04_01, 49696 1
393_5823_RGB_2020_04_01, 135179 24 135691 24 136203 24 136715 24
393_5823_RGB_2020_04_01, 218657 2
393_5823_RGB_2020_04_01, 57366 79 57878 79 58390 79 58902 79
393_5823_RGB_2020_04_01, 214550 21 215062 21 215574 21 216086 21 216598 21 217110 21 217622 21 218134 21
393_5823_RGB_2020_04_01, 261653 4
393_5823_RGB_2020_04_01, 204832 2
393_5823_RGB_2020_04_01, 197656 26 198168 26 198680 26
393_5823_RGB_2020_04_01, 161310 14 161822 14 162334 14 162846 14 163358 14 163870 14 164382 14
393_5823_RGB_2020_04_01, 206367 1
393_5823_RGB_2020_04_01, 27 16
393_5823_RGB_2020_04_01, 222244 1
393_5823_RGB_2020_04_01, 131599 18 132111 18 132623 18
393_5823_RGB_2020_04_01, 103961 32 104473 32 104985 32
393_5823_RGB_2020_04_01, 151595 1
393_5823_RGB_2020_04_01, 204825 1
393_5823_RGB_2020_04_01, 208404 19 208425 8 208916 29 209428 29 209940 29 210452 29 210964 29
393_5823_RGB_2020_04_01, 206377 2 206889 2
393_5823_RGB_2020_04_01, 9233 20 9745 20 10257 20 10769 20 11281 20 11793 20 12305 20 12817 20 13329 20 13841 20 14353 20 14865 20 15377 20 15889 20
393_5823_RGB_2020_04_01, 82948 17 83460 17 83972 17 84484 17 84996 17 85508 17 86020 17 86532 17 87044 17 87556 17 88068 17 88580 17 89092 17 89604 17 90116 17 90628 17 91140 17 91652 17 92164 17 92676 17
393_5823_RGB_2020_04_01, 175105 79 175617 79 176129 79 176641 79 177153 79 177665 79 178177 79 178689 79 179201 79 179713 28 179762 30 180225 28 180274 30 180737 28 180786 30 181249 28 181298 30 181761 79 182273 79 182785 79 183297 79 183809 79 184321 79 184833 79 185345 79 185857 79 186369 79 186881 79 187393 79 187905 79 188417 79 188929 79 189441 79 189953 79 190465 79 190977 79 191489 79 192001 79
393_5823_RGB_2020_04_01, 46630 1
393_5823_RGB_2020_04_01, 200224 1 200736 2
393_5823_RGB_2020_04_01, 208423 2
393_5823_RGB_2020_04_01, 151051 26 151563 26 152075 26 152587 26 153099 26 153611 26
393_5823_RGB_2020_04_01, 200225 2
393_5823_RGB_2020_04_01, 21013 10 21525 10 22037 10 22549 10 23061 10 23573 10 24085 10
393_5823_RGB_2020_04_01, 179741 21 180253 21 180765 21 181277 21